"CustomerID","Churn"
"3292594",FALSE
"3018106",TRUE
"3216174",FALSE
"3186826",TRUE
"3307754",TRUE
"3053874",TRUE
"3000394",FALSE
"3029330",FALSE
"3177970",TRUE
"3173142",FALSE
"3031426",TRUE
"3122902",TRUE
"3215138",FALSE
"3304106",FALSE
"3169538",TRUE
"3276986",TRUE
"3309038",FALSE
"3116966",FALSE
"3358262",FALSE
"3329126",TRUE
"3300970",FALSE
"3000122",TRUE
"3032262",FALSE
"3040050",TRUE
"3150034",TRUE
"3087586",FALSE
"3265702",TRUE
"3063754",FALSE
"3200646",FALSE
"3194314",TRUE
"3101074",FALSE
"3199618",TRUE
"3385754",TRUE
"3008642",FALSE
"3104854",FALSE
"3106314",FALSE
"3067342",TRUE
"3359394",TRUE
"3131370",FALSE
"3227350",TRUE
"3203578",TRUE
"3360514",FALSE
"3390186",FALSE
"3167186",FALSE
"3226118",FALSE
"3005382",FALSE
"3147502",FALSE
"3113986",TRUE
"3342802",FALSE
"3000318",FALSE
"3221154",FALSE
"3296822",TRUE
"3389098",FALSE
"3115470",TRUE
"3340530",FALSE
"3284722",TRUE
"3101710",FALSE
"3274486",FALSE
"3138626",TRUE
"3275498",TRUE
"3115102",TRUE
"3083290",TRUE
"3207130",FALSE
"3199386",FALSE
"3290978",TRUE
"3320278",TRUE
"3039410",FALSE
"3131258",TRUE
"3304154",FALSE
"3320726",TRUE
"3049154",FALSE
"3332282",FALSE
"3351074",TRUE
"3112274",TRUE
"3277078",TRUE
"3061786",FALSE
"3208542",FALSE
"3145318",TRUE
"3284178",TRUE
"3065650",FALSE
"3067362",TRUE
"3350238",FALSE
"3200958",FALSE
"3196582",TRUE
"3256598",TRUE
"3299750",TRUE
"3353894",TRUE
"3178742",TRUE
"3363886",TRUE
"3381326",FALSE
"3333478",FALSE
"3367002",TRUE
"3364518",TRUE
"3027302",TRUE
"3323738",TRUE
"3260370",TRUE
"3395570",FALSE
"3316270",FALSE
"3249662",TRUE
"3086714",TRUE
"3393038",TRUE
"3298674",FALSE
"3147238",TRUE
"3374854",FALSE
"3013654",TRUE
"3343130",TRUE
"3054890",TRUE
"3015358",FALSE
"3001226",FALSE
"3201634",TRUE
"3007766",TRUE
"3211222",TRUE
"3168742",FALSE
"3384486",FALSE
"3197250",FALSE
"3242726",TRUE
"3015678",FALSE
"3041482",TRUE
"3070206",FALSE
"3182846",FALSE
"3338718",FALSE
"3105750",TRUE
"3369586",FALSE
"3315982",TRUE
"3093418",FALSE
"3391230",FALSE
"3210286",FALSE
"3369790",FALSE
"3286082",FALSE
"3300370",FALSE
"3237958",TRUE
"3269890",FALSE
"3364430",FALSE
"3095202",FALSE
"3206566",FALSE
"3049362",TRUE
"3331258",TRUE
"3210350",TRUE
"3276082",TRUE
"3097490",FALSE
"3211474",FALSE
"3233262",FALSE
"3047174",FALSE
"3161118",FALSE
"3024914",FALSE
"3030530",FALSE
"3207170",FALSE
"3201514",TRUE
"3302726",FALSE
"3100670",FALSE
"3339542",FALSE
"3031794",TRUE
"3072494",FALSE
"3295718",TRUE
"3034642",FALSE
"3069266",FALSE
"3242434",FALSE
"3206154",FALSE
"3248318",FALSE
"3019418",FALSE
"3252798",FALSE
"3093266",TRUE
"3143982",TRUE
"3381478",FALSE
"3161262",TRUE
"3152770",TRUE
"3038086",FALSE
"3126650",TRUE
"3337722",FALSE
"3286642",FALSE
"3033322",TRUE
"3160462",TRUE
"3341470",FALSE
"3004794",FALSE
"3140814",TRUE
"3018574",FALSE
"3237654",TRUE
"3220822",FALSE
"3234678",TRUE
"3345410",TRUE
"3083222",TRUE
"3094418",FALSE
"3361662",FALSE
"3303334",FALSE
"3200270",TRUE
"3028022",TRUE
"3344962",TRUE
"3046230",FALSE
"3127762",TRUE
"3378954",FALSE
"3348198",FALSE
"3143334",TRUE
"3262622",TRUE
"3340046",FALSE
"3100870",TRUE
"3336730",FALSE
"3106414",FALSE
"3265854",FALSE
"3351570",TRUE
"3152526",TRUE
"3110006",TRUE
"3292818",FALSE
"3185758",FALSE
"3278254",FALSE
"3020878",FALSE
"3320894",FALSE
"3188026",TRUE
"3297782",FALSE
"3219514",TRUE
"3009682",TRUE
"3105346",TRUE
"3390318",FALSE
"3111030",TRUE
"3385702",FALSE
"3279178",TRUE
"3270454",FALSE
"3136094",FALSE
"3100906",FALSE
"3162286",FALSE
"3004914",FALSE
"3384958",FALSE
"3241210",TRUE
"3082918",FALSE
"3035210",FALSE
"3161926",TRUE
"3216926",FALSE
"3095382",FALSE
"3386982",FALSE
"3040542",TRUE
"3322766",FALSE
"3092846",FALSE
"3081102",FALSE
"3113782",FALSE
"3375298",FALSE
"3347978",FALSE
"3202798",FALSE
"3256770",FALSE
"3029810",TRUE
"3142886",FALSE
"3096138",FALSE
"3223074",FALSE
"3083238",FALSE
"3247026",FALSE
"3115566",FALSE
"3384994",TRUE
"3019870",FALSE
"3041178",TRUE
"3031022",FALSE
"3277402",FALSE
"3004702",FALSE
"3354394",TRUE
"3197098",FALSE
"3221082",FALSE
"3123230",TRUE
"3380298",FALSE
"3384754",FALSE
"3281926",FALSE
"3347414",FALSE
"3304758",TRUE
"3375294",FALSE
"3276890",TRUE
"3264606",TRUE
"3271494",FALSE
"3216898",TRUE
"3300010",FALSE
"3256430",FALSE
"3229650",TRUE
"3119546",TRUE
"3142878",TRUE
"3078250",FALSE
"3121366",TRUE
"3274514",TRUE
"3052042",FALSE
"3155498",TRUE
"3233690",TRUE
"3394674",FALSE
"3316002",FALSE
"3023590",FALSE
"3249254",FALSE
"3076866",TRUE
"3380726",FALSE
"3185094",FALSE
"3248858",TRUE
"3021434",TRUE
"3288310",FALSE
"3383158",FALSE
"3361206",TRUE
"3051578",TRUE
"3157194",TRUE
"3343350",FALSE
"3079146",TRUE
"3003794",TRUE
"3098098",FALSE
"3067826",FALSE
"3358678",FALSE
"3128798",TRUE
"3333654",TRUE
"3328354",TRUE
"3094250",TRUE
"3309482",TRUE
"3328166",FALSE
"3126474",FALSE
"3221422",FALSE
"3157826",FALSE
"3201186",TRUE
"3030538",FALSE
"3193442",TRUE
"3321810",FALSE
"3371466",FALSE
"3216262",FALSE
"3293402",TRUE
"3165490",TRUE
"3352106",FALSE
"3287266",TRUE
"3321614",FALSE
"3064098",TRUE
"3045290",TRUE
"3090498",FALSE
"3362302",FALSE
"3318570",FALSE
"3224842",TRUE
"3062442",FALSE
"3353218",FALSE
"3362142",FALSE
"3382206",FALSE
"3387818",FALSE
"3251506",FALSE
"3184102",FALSE
"3037642",FALSE
"3245942",TRUE
"3290886",FALSE
"3396238",FALSE
"3370626",TRUE
"3257074",TRUE
"3062110",TRUE
"3041266",FALSE
"3341890",FALSE
"3262390",TRUE
"3351842",TRUE
"3084610",FALSE
"3045050",FALSE
"3219970",TRUE
"3062134",FALSE
"3383582",FALSE
"3066670",FALSE
"3154966",TRUE
"3209530",FALSE
"3348986",FALSE
"3075722",TRUE
"3163630",FALSE
"3163998",TRUE
"3091718",FALSE
"3348242",FALSE
"3114318",FALSE
"3241946",TRUE
"3162550",TRUE
"3326218",FALSE
"3030514",TRUE
"3397254",FALSE
"3334462",FALSE
"3249518",TRUE
"3316346",TRUE
"3172858",TRUE
"3092878",FALSE
"3031962",TRUE
"3362770",TRUE
"3232962",TRUE
"3254786",TRUE
"3302286",TRUE
"3175898",TRUE
"3252926",TRUE
"3296834",FALSE
"3321750",FALSE
"3129682",FALSE
"3366034",TRUE
"3021618",FALSE
"3326894",TRUE
"3142690",FALSE
"3194562",TRUE
"3343934",TRUE
"3259566",FALSE
"3021962",FALSE
"3317106",FALSE
"3034046",TRUE
"3085898",TRUE
"3023042",TRUE
"3287926",FALSE
"3300906",TRUE
"3101518",TRUE
"3266314",FALSE
"3294390",FALSE
"3313598",FALSE
"3024302",FALSE
"3179570",TRUE
"3156626",TRUE
"3055158",TRUE
"3278946",FALSE
"3039014",TRUE
"3032666",FALSE
"3096510",TRUE
"3348274",FALSE
"3010534",FALSE
"3280734",TRUE
"3208502",FALSE
"3275386",TRUE
"3123102",FALSE
"3062446",FALSE
"3031734",FALSE
"3301526",FALSE
"3163934",TRUE
"3313842",TRUE
"3167782",FALSE
"3305890",FALSE
"3379050",FALSE
"3026750",FALSE
"3219014",TRUE
"3250030",FALSE
"3216094",FALSE
"3129898",FALSE
"3244802",TRUE
"3145374",FALSE
"3331734",TRUE
"3057914",FALSE
"3323490",TRUE
"3375022",FALSE
"3315698",FALSE
"3011850",FALSE
"3365234",FALSE
"3091714",TRUE
"3159934",FALSE
"3218778",TRUE
"3227310",TRUE
"3172226",TRUE
"3398798",TRUE
"3063362",FALSE
"3268194",FALSE
"3023274",FALSE
"3283886",FALSE
"3297818",FALSE
"3079802",TRUE
"3054274",FALSE
"3217158",TRUE
"3181946",FALSE
"3000230",TRUE
"3001706",FALSE
"3360382",FALSE
"3380722",FALSE
"3147226",TRUE
"3377330",FALSE
"3392986",TRUE
"3037898",FALSE
"3264882",TRUE
"3392402",FALSE
"3122718",FALSE
"3046634",TRUE
"3053982",FALSE
"3029598",FALSE
"3379302",FALSE
"3223186",FALSE
"3221218",FALSE
"3384794",FALSE
"3030578",TRUE
"3036818",FALSE
"3295182",TRUE
"3264114",TRUE
"3083470",TRUE
"3094490",TRUE
"3327954",FALSE
"3368210",FALSE
"3348286",FALSE
"3325458",TRUE
"3391458",TRUE
"3094142",FALSE
"3341490",FALSE
"3267838",TRUE
"3341886",TRUE
"3049330",TRUE
"3237454",TRUE
"3137338",TRUE
"3107114",FALSE
"3381522",FALSE
"3025846",FALSE
"3350026",FALSE
"3361570",FALSE
"3048670",FALSE
"3221822",TRUE
"3043986",TRUE
"3270410",FALSE
"3051130",FALSE
"3253734",TRUE
"3311726",TRUE
"3375062",FALSE
"3254762",TRUE
"3185530",TRUE
"3137906",TRUE
"3296630",TRUE
"3322202",TRUE
"3320566",FALSE
"3085254",TRUE
"3188882",FALSE
"3232814",TRUE
"3242410",TRUE
"3108446",FALSE
"3079114",TRUE
"3193270",TRUE
"3212670",TRUE
"3271826",TRUE
"3000054",TRUE
"3223722",TRUE
"3371230",FALSE
"3070310",FALSE
"3252910",TRUE
"3172642",TRUE
"3143842",FALSE
"3273942",FALSE
"3236698",TRUE
"3070502",FALSE
"3378146",FALSE
"3091730",TRUE
"3330386",TRUE
"3223350",TRUE
"3394562",FALSE
"3134834",FALSE
"3147278",TRUE
"3349702",TRUE
"3234406",FALSE
"3345854",FALSE
"3378010",FALSE
"3040814",FALSE
"3378450",FALSE
"3145630",TRUE
"3388118",FALSE
"3262806",FALSE
"3038690",FALSE
"3207938",TRUE
"3120722",FALSE
"3050706",TRUE
"3019122",FALSE
"3190462",FALSE
"3057006",FALSE
"3098910",TRUE
"3342942",FALSE
"3054150",FALSE
"3040058",FALSE
"3309778",FALSE
"3047082",FALSE
"3289834",FALSE
"3165962",TRUE
"3372478",FALSE
"3384106",FALSE
"3045766",FALSE
"3256754",TRUE
"3398430",FALSE
"3296378",TRUE
"3280602",TRUE
"3200470",FALSE
"3129786",TRUE
"3008742",FALSE
"3188298",FALSE
"3070518",FALSE
"3012658",FALSE
"3247538",TRUE
"3079494",TRUE
"3231854",FALSE
"3027538",FALSE
"3136502",FALSE
"3298662",TRUE
"3263054",TRUE
"3127530",TRUE
"3173610",FALSE
"3109186",FALSE
"3381898",FALSE
"3123846",TRUE
"3099334",FALSE
"3291226",FALSE
"3173534",FALSE
"3063594",TRUE
"3259498",FALSE
"3388950",FALSE
"3348922",FALSE
"3048106",FALSE
"3208926",TRUE
"3330514",FALSE
"3180562",FALSE
"3313642",TRUE
"3289386",TRUE
"3377358",FALSE
"3398522",FALSE
"3144454",FALSE
"3178886",FALSE
"3386622",FALSE
"3290822",TRUE
"3260990",FALSE
"3293006",FALSE
"3329730",TRUE
"3003990",TRUE
"3038802",FALSE
"3244994",FALSE
"3216802",FALSE
"3272118",FALSE
"3372978",TRUE
"3004434",FALSE
"3284346",FALSE
"3203270",TRUE
"3372682",TRUE
"3349606",TRUE
"3375866",FALSE
"3282086",TRUE
"3323726",TRUE
"3206762",FALSE
"3006290",FALSE
"3044778",FALSE
"3023094",TRUE
"3255590",TRUE
"3177430",FALSE
"3009910",FALSE
"3072366",TRUE
"3121982",FALSE
"3390066",FALSE
"3240102",TRUE
"3392726",TRUE
"3310246",FALSE
"3028118",FALSE
"3082398",FALSE
"3104058",TRUE
"3260930",FALSE
"3389750",FALSE
"3238198",TRUE
"3118494",TRUE
"3252286",TRUE
"3301706",FALSE
"3230930",TRUE
"3396162",TRUE
"3383438",TRUE
"3096970",TRUE
"3368526",FALSE
"3179806",TRUE
"3182210",FALSE
"3116658",TRUE
"3021770",FALSE
"3220590",TRUE
"3225206",FALSE
"3277150",FALSE
"3144574",FALSE
"3374714",FALSE
"3270234",FALSE
"3283366",TRUE
"3273278",TRUE
"3298110",FALSE
"3394162",FALSE
"3105694",FALSE
"3184462",TRUE
"3104926",FALSE
"3291182",FALSE
"3305362",FALSE
"3189478",TRUE
"3243282",TRUE
"3129038",FALSE
"3330458",TRUE
"3063030",FALSE
"3232742",TRUE
"3194706",FALSE
"3188814",TRUE
"3389762",FALSE
"3171858",TRUE
"3090678",FALSE
"3392430",TRUE
"3076242",FALSE
"3037754",FALSE
"3228218",FALSE
"3191722",TRUE
"3304174",TRUE
"3221902",TRUE
"3368410",FALSE
"3246898",TRUE
"3142586",TRUE
"3277030",TRUE
"3013930",FALSE
"3361970",FALSE
"3192390",TRUE
"3328958",FALSE
"3375250",FALSE
"3157306",FALSE
"3139214",TRUE
"3070586",FALSE
"3343610",FALSE
"3350994",TRUE
"3065122",FALSE
"3394986",FALSE
"3295002",FALSE
"3271254",FALSE
"3322354",FALSE
"3095030",FALSE
"3171530",FALSE
"3318998",TRUE
"3283642",FALSE
"3122214",TRUE
"3245322",FALSE
"3232218",TRUE
"3349466",FALSE
"3393430",FALSE
"3354474",FALSE
"3380006",FALSE
"3115778",FALSE
"3174478",FALSE
"3145790",FALSE
"3101342",TRUE
"3255154",TRUE
"3184282",TRUE
"3203582",TRUE
"3288746",FALSE
"3270942",TRUE
"3050962",FALSE
"3340422",FALSE
"3282738",TRUE
"3143538",FALSE
"3106190",FALSE
"3008610",TRUE
"3222482",TRUE
"3332046",FALSE
"3393778",TRUE
"3366366",FALSE
"3113270",TRUE
"3031606",FALSE
"3219062",TRUE
"3144902",FALSE
"3136130",FALSE
"3079286",TRUE
"3239702",TRUE
"3317982",TRUE
"3365158",TRUE
"3261678",TRUE
"3203574",TRUE
"3071586",TRUE
"3387574",FALSE
"3060222",TRUE
"3168114",TRUE
"3239534",TRUE
"3369514",FALSE
"3288566",TRUE
"3371566",FALSE
"3061718",FALSE
"3063078",FALSE
"3091610",TRUE
"3347322",TRUE
"3207670",FALSE
"3005950",TRUE
"3092350",FALSE
"3160922",FALSE
"3083550",TRUE
"3338810",FALSE
"3153950",TRUE
"3071114",FALSE
"3225414",TRUE
"3291746",FALSE
"3379598",FALSE
"3104398",FALSE
"3144434",TRUE
"3180478",FALSE
"3012198",TRUE
"3150582",FALSE
"3237526",TRUE
"3371050",FALSE
"3248582",FALSE
"3101562",TRUE
"3212094",TRUE
"3258602",FALSE
"3168110",TRUE
"3133074",FALSE
"3379226",FALSE
"3205558",FALSE
"3167134",TRUE
"3365434",FALSE
"3014554",TRUE
"3041918",TRUE
"3308454",TRUE
"3268142",FALSE
"3200082",TRUE
"3106106",TRUE
"3376706",FALSE
"3300658",FALSE
"3215974",TRUE
"3071722",FALSE
"3336510",TRUE
"3264714",TRUE
"3138178",TRUE
"3276206",TRUE
"3330886",FALSE
"3250306",FALSE
"3104206",FALSE
"3383470",FALSE
"3374466",FALSE
"3210646",FALSE
"3255150",FALSE
"3327022",FALSE
"3345062",FALSE
"3083406",FALSE
"3207854",TRUE
"3354314",FALSE
"3025118",TRUE
"3187642",TRUE
"3370870",TRUE
"3015426",FALSE
"3097054",FALSE
"3187770",TRUE
"3114730",FALSE
"3028842",FALSE
"3323978",FALSE
"3388494",FALSE
"3121666",FALSE
"3039282",TRUE
"3347094",FALSE
"3394794",FALSE
"3301118",TRUE
"3316082",FALSE
"3105282",TRUE
"3103930",FALSE
"3079106",FALSE
"3074046",FALSE
"3224482",TRUE
"3006378",FALSE
"3343510",TRUE
"3189642",FALSE
"3356106",FALSE
"3221886",TRUE
"3397638",TRUE
"3036178",FALSE
"3284094",TRUE
"3292830",FALSE
"3106442",FALSE
"3148130",FALSE
"3356574",FALSE
"3163290",TRUE
"3387902",FALSE
"3153558",FALSE
"3130726",FALSE
"3338630",FALSE
"3352086",FALSE
"3373094",TRUE
"3362230",TRUE
"3101862",TRUE
"3255818",FALSE
"3189238",TRUE
"3065846",TRUE
"3014354",FALSE
"3184158",FALSE
"3007534",FALSE
"3193586",TRUE
"3216978",TRUE
"3214294",TRUE
"3286358",TRUE
"3161146",FALSE
"3224106",FALSE
"3144982",TRUE
"3110518",FALSE
"3277450",FALSE
"3305934",FALSE
"3251914",TRUE
"3350266",FALSE
"3043590",FALSE
"3066954",TRUE
"3349186",FALSE
"3150738",TRUE
"3197430",TRUE
"3148562",FALSE
"3369374",FALSE
"3051982",FALSE
"3009902",TRUE
"3367354",FALSE
"3264478",FALSE
"3171774",FALSE
"3384734",FALSE
"3172998",TRUE
"3013226",TRUE
"3084098",TRUE
"3357674",FALSE
"3092538",FALSE
"3054522",FALSE
"3354222",FALSE
"3106886",TRUE
"3012142",TRUE
"3084350",FALSE
"3188946",TRUE
"3346090",FALSE
"3369110",FALSE
"3288294",TRUE
"3383122",FALSE
"3054666",TRUE
"3332334",FALSE
"3062698",FALSE
"3350822",TRUE
"3095218",FALSE
"3107266",TRUE
"3234710",FALSE
"3397202",TRUE
"3086626",FALSE
"3274046",FALSE
"3142686",TRUE
"3096790",FALSE
"3054974",FALSE
"3324930",TRUE
"3070678",FALSE
"3311266",FALSE
"3255078",TRUE
"3284258",TRUE
"3105202",TRUE
"3157030",TRUE
"3149150",FALSE
"3108962",TRUE
"3137762",TRUE
"3278274",TRUE
"3172926",TRUE
"3329786",TRUE
"3172606",TRUE
"3323974",TRUE
"3016582",FALSE
"3035174",FALSE
"3155082",FALSE
"3194978",FALSE
"3080650",TRUE
"3266962",TRUE
"3383914",FALSE
"3254798",FALSE
"3190886",FALSE
"3000894",TRUE
"3317062",FALSE
"3053270",TRUE
"3136830",FALSE
"3187622",TRUE
"3051162",FALSE
"3281522",TRUE
"3354278",TRUE
"3265838",FALSE
"3233950",TRUE
"3268502",FALSE
"3276514",TRUE
"3190230",FALSE
"3252818",TRUE
"3268386",TRUE
"3058818",TRUE
"3373334",FALSE
"3243146",FALSE
"3130718",FALSE
"3266422",FALSE
"3168450",FALSE
"3296862",FALSE
"3294394",TRUE
"3016554",FALSE
"3267050",FALSE
"3146214",FALSE
"3135626",TRUE
"3387722",FALSE
"3276494",FALSE
"3173878",TRUE
"3150346",TRUE
"3275982",FALSE
"3297350",FALSE
"3051538",FALSE
"3226226",TRUE
"3116302",FALSE
"3202718",FALSE
"3171194",FALSE
"3248062",TRUE
"3379834",FALSE
"3322450",FALSE
"3117550",FALSE
"3285790",TRUE
"3398786",FALSE
"3186358",FALSE
"3105702",TRUE
"3277334",TRUE
"3206310",TRUE
"3197962",TRUE
"3274150",TRUE
"3210042",TRUE
"3294954",FALSE
"3303626",TRUE
"3389126",FALSE
"3330898",FALSE
"3261574",FALSE
"3232482",TRUE
"3052530",FALSE
"3243982",TRUE
"3223834",FALSE
"3289806",TRUE
"3026758",TRUE
"3158398",FALSE
"3224718",TRUE
"3007118",FALSE
"3371582",TRUE
"3338886",FALSE
"3195422",TRUE
"3257186",FALSE
"3390574",FALSE
"3044394",TRUE
"3279034",TRUE
"3131554",FALSE
"3265766",TRUE
"3145366",FALSE
"3186758",TRUE
"3058910",FALSE
"3139994",TRUE
"3356154",FALSE
"3269894",TRUE
"3097266",TRUE
"3159354",TRUE
"3216990",TRUE
"3366734",FALSE
"3350790",FALSE
"3040354",FALSE
"3188178",TRUE
"3038010",TRUE
"3057686",FALSE
"3065306",FALSE
"3072762",FALSE
"3135834",FALSE
"3080570",TRUE
"3224066",TRUE
"3392030",TRUE
"3243718",FALSE
"3309046",TRUE
"3329570",FALSE
"3379570",FALSE
"3277426",TRUE
"3149050",FALSE
"3089250",FALSE
"3267330",FALSE
"3193934",TRUE
"3083530",TRUE
"3304138",FALSE
"3106046",FALSE
"3355934",FALSE
"3041490",FALSE
"3268290",FALSE
"3046626",TRUE
"3091990",FALSE
"3041290",FALSE
"3181282",TRUE
"3005094",FALSE
"3005102",TRUE
"3297702",TRUE
"3381566",FALSE
"3121766",TRUE
"3251574",TRUE
"3333946",FALSE
"3340782",FALSE
"3224558",FALSE
"3370866",FALSE
"3075818",TRUE
"3156078",FALSE
"3325286",FALSE
"3316322",TRUE
"3393846",FALSE
"3395010",FALSE
"3126630",TRUE
"3005846",TRUE
"3370210",TRUE
"3301618",TRUE
"3354758",FALSE
"3201962",TRUE
"3058982",FALSE
"3067498",FALSE
"3316442",TRUE
"3039394",TRUE
"3368362",FALSE
"3364666",TRUE
"3057610",FALSE
"3375494",FALSE
"3314482",TRUE
"3344986",FALSE
"3204266",TRUE
"3342574",FALSE
"3376902",FALSE
"3041634",FALSE
"3015258",TRUE
"3229362",TRUE
"3066062",TRUE
"3067282",TRUE
"3107034",FALSE
"3246646",FALSE
"3179986",TRUE
"3396394",FALSE
"3270954",FALSE
"3126046",TRUE
"3383294",FALSE
"3228934",FALSE
"3094554",TRUE
"3197678",TRUE
"3264794",TRUE
"3298578",FALSE
"3040494",TRUE
"3396754",TRUE
"3149258",FALSE
"3373442",FALSE
"3090098",FALSE
"3322062",TRUE
"3069306",FALSE
"3135130",TRUE
"3170466",FALSE
"3347678",TRUE
"3108530",TRUE
"3115234",FALSE
"3190962",TRUE
"3391678",FALSE
"3298302",FALSE
"3247526",TRUE
"3227234",TRUE
"3241602",TRUE
"3013974",FALSE
"3249730",FALSE
"3329510",FALSE
"3274594",FALSE
"3314138",FALSE
"3187154",TRUE
"3233862",TRUE
"3006050",TRUE
"3288622",FALSE
"3152682",TRUE
"3239162",FALSE
"3015346",FALSE
"3020754",FALSE
"3313054",FALSE
"3089562",FALSE
"3355590",FALSE
"3257554",FALSE
"3007098",TRUE
"3145422",TRUE
"3100274",TRUE
"3338918",FALSE
"3123278",FALSE
"3155530",TRUE
"3103354",FALSE
"3340666",TRUE
"3071566",FALSE
"3149054",FALSE
"3158858",FALSE
"3371706",FALSE
"3231490",FALSE
"3007574",FALSE
"3157078",TRUE
"3382398",FALSE
"3340302",TRUE
"3232338",TRUE
"3076294",FALSE
"3010662",FALSE
"3040486",TRUE
"3131082",FALSE
"3280286",TRUE
"3158226",TRUE
"3260898",FALSE
"3179602",TRUE
"3380150",FALSE
"3204282",TRUE
"3005438",FALSE
"3371802",FALSE
"3345830",FALSE
"3377282",FALSE
"3212322",FALSE
"3104990",FALSE
"3085978",FALSE
"3053834",TRUE
"3116978",FALSE
"3288466",TRUE
"3355390",FALSE
"3249182",TRUE
"3138554",FALSE
"3337846",TRUE
"3165938",FALSE
"3118350",TRUE
"3034362",FALSE
"3182818",FALSE
"3312922",FALSE
"3099222",TRUE
"3383250",FALSE
"3272026",TRUE
"3010506",FALSE
"3397982",TRUE
"3309242",FALSE
"3058586",TRUE
"3205854",TRUE
"3080634",TRUE
"3333698",FALSE
"3182570",FALSE
"3242162",TRUE
"3272810",FALSE
"3282938",FALSE
"3252302",TRUE
"3368518",TRUE
"3145114",TRUE
"3102006",FALSE
"3231178",FALSE
"3328558",TRUE
"3359726",FALSE
"3233354",TRUE
"3315278",TRUE
"3055650",FALSE
"3305622",FALSE
"3109122",FALSE
"3298094",TRUE
"3241014",TRUE
"3317970",FALSE
"3396882",TRUE
"3253602",FALSE
"3352762",TRUE
"3186674",TRUE
"3118442",FALSE
"3276346",TRUE
"3370638",FALSE
"3053934",TRUE
"3116446",FALSE
"3032822",FALSE
"3128586",TRUE
"3360302",FALSE
"3304590",TRUE
"3196926",FALSE
"3185018",TRUE
"3011130",FALSE
"3093566",TRUE
"3278174",TRUE
"3018486",TRUE
"3253686",TRUE
"3171606",FALSE
"3276946",FALSE
"3180882",TRUE
"3063762",FALSE
"3165382",FALSE
"3025230",TRUE
"3107734",TRUE
"3342990",FALSE
"3235518",FALSE
"3244762",TRUE
"3397550",TRUE
"3073806",TRUE
"3161994",TRUE
"3020258",TRUE
"3210826",TRUE
"3210458",TRUE
"3294366",FALSE
"3344670",TRUE
"3018270",TRUE
"3093214",TRUE
"3305334",TRUE
"3319198",FALSE
"3115406",TRUE
"3299774",TRUE
"3270138",TRUE
"3203014",FALSE
"3176386",FALSE
"3129498",TRUE
"3230226",FALSE
"3146174",FALSE
"3099418",FALSE
"3192858",TRUE
"3342838",FALSE
"3191946",FALSE
"3351386",FALSE
"3335546",FALSE
"3101026",FALSE
"3342978",FALSE
"3152566",TRUE
"3252766",FALSE
"3007938",TRUE
"3227702",FALSE
"3358590",FALSE
"3250838",TRUE
"3301170",FALSE
"3256794",TRUE
"3229798",TRUE
"3087594",FALSE
"3294098",FALSE
"3311506",TRUE
"3357438",TRUE
"3205826",TRUE
"3298774",FALSE
"3071806",FALSE
"3145066",TRUE
"3229850",TRUE
"3134342",TRUE
"3374658",FALSE
"3357594",FALSE
"3129470",FALSE
"3140438",FALSE
"3319394",FALSE
"3376198",FALSE
"3018098",TRUE
"3367450",TRUE
"3207722",FALSE
"3109426",TRUE
"3272306",TRUE
"3116418",TRUE
"3211214",FALSE
"3153422",TRUE
"3386574",FALSE
"3213546",TRUE
"3387542",FALSE
"3335582",FALSE
"3346194",TRUE
"3301734",FALSE
"3332390",TRUE
"3012638",FALSE
"3020374",FALSE
"3041762",FALSE
"3334574",TRUE
"3362222",FALSE
"3265214",TRUE
"3103678",TRUE
"3152158",TRUE
"3153086",TRUE
"3036510",TRUE
"3271414",FALSE
"3078326",FALSE
"3041022",TRUE
"3025010",FALSE
"3236094",TRUE
"3240298",TRUE
"3036018",TRUE
"3219562",FALSE
"3353958",FALSE
"3287270",TRUE
"3293578",FALSE
"3378786",FALSE
"3131490",TRUE
"3291426",TRUE
"3033642",FALSE
"3196234",FALSE
"3013038",TRUE
"3008130",FALSE
"3323878",FALSE
"3292522",TRUE
"3116034",TRUE
"3033522",FALSE
"3173262",TRUE
"3028394",TRUE
"3256546",FALSE
"3242274",TRUE
"3282474",TRUE
"3278662",FALSE
"3104586",FALSE
"3383922",FALSE
"3038058",FALSE
"3341774",TRUE
"3219622",TRUE
"3300522",TRUE
"3310442",FALSE
"3283050",FALSE
"3289886",TRUE
"3319786",TRUE
"3223886",TRUE
"3294846",FALSE
"3205318",TRUE
"3202622",FALSE
"3316174",FALSE
"3121326",TRUE
"3380778",FALSE
"3164526",TRUE
"3173426",FALSE
"3337158",TRUE
"3275878",FALSE
"3002694",FALSE
"3376322",TRUE
"3155762",TRUE
"3278678",TRUE
"3206166",TRUE
"3042606",FALSE
"3194234",TRUE
"3385654",FALSE
"3009106",FALSE
"3124386",TRUE
"3041006",FALSE
"3053514",TRUE
"3082222",FALSE
"3039370",TRUE
"3199318",FALSE
"3159494",FALSE
"3013418",TRUE
"3053942",FALSE
"3007402",TRUE
"3315454",FALSE
"3345602",TRUE
"3153502",TRUE
"3305562",TRUE
"3299106",TRUE
"3207178",TRUE
"3052942",TRUE
"3324298",TRUE
"3048534",TRUE
"3344878",TRUE
"3349714",TRUE
"3338786",TRUE
"3134226",TRUE
"3017186",FALSE
"3070534",TRUE
"3361834",TRUE
"3209522",FALSE
"3204230",FALSE
"3085970",TRUE
"3233870",TRUE
"3050906",TRUE
"3175686",TRUE
"3059946",TRUE
"3016394",FALSE
"3320054",FALSE
"3320854",FALSE
"3236138",FALSE
"3309526",FALSE
"3013798",FALSE
"3321846",TRUE
"3122562",TRUE
"3127350",TRUE
"3391158",FALSE
"3036602",TRUE
"3372942",FALSE
"3266490",TRUE
"3004562",TRUE
"3174286",TRUE
"3046858",FALSE
"3037050",TRUE
"3117182",FALSE
"3130434",FALSE
"3214530",TRUE
"3007270",TRUE
"3388126",FALSE
"3395990",FALSE
"3013802",FALSE
"3327274",TRUE
"3039190",TRUE
"3307986",FALSE
"3022942",FALSE
"3211486",TRUE
"3287678",TRUE
"3019394",FALSE
"3248798",TRUE
"3147754",FALSE
"3279314",FALSE
"3332134",TRUE
"3364346",TRUE
"3157906",FALSE
"3152126",FALSE
"3118602",TRUE
"3309910",FALSE
"3306574",TRUE
"3239182",FALSE
"3302718",FALSE
"3234918",TRUE
"3112362",FALSE
"3295114",FALSE
"3331262",TRUE
"3060854",TRUE
"3027310",FALSE
"3168598",FALSE
"3265362",FALSE
"3030518",TRUE
"3248362",TRUE
"3063270",FALSE
"3153514",TRUE
"3347418",FALSE
"3257870",FALSE
"3068806",FALSE
"3302062",FALSE
"3257854",FALSE
"3137286",TRUE
"3360054",FALSE
"3146494",TRUE
"3136902",FALSE
"3378698",FALSE
"3098390",FALSE
"3340082",FALSE
"3260290",TRUE
"3357722",FALSE
"3073266",FALSE
"3198246",FALSE
"3278786",TRUE
"3178122",TRUE
"3354182",FALSE
"3237122",FALSE
"3134514",TRUE
"3281106",FALSE
"3222414",FALSE
"3305070",FALSE
"3073402",FALSE
"3121954",TRUE
"3308154",FALSE
"3067922",FALSE
"3025270",FALSE
"3092774",FALSE
"3052714",TRUE
"3258534",FALSE
"3221014",TRUE
"3314810",FALSE
"3012326",FALSE
"3152762",TRUE
"3346178",FALSE
"3171794",FALSE
"3142290",TRUE
"3160406",FALSE
"3118038",FALSE
"3296374",TRUE
"3096842",TRUE
"3398006",FALSE
"3274950",FALSE
"3107882",TRUE
"3230082",TRUE
"3142010",TRUE
"3316370",TRUE
"3006846",FALSE
"3046966",TRUE
"3015982",TRUE
"3215226",FALSE
"3196254",TRUE
"3125646",FALSE
"3200198",FALSE
"3007194",FALSE
"3240162",TRUE
"3065518",FALSE
"3390618",TRUE
"3313594",TRUE
"3115998",TRUE
"3266326",FALSE
"3398758",FALSE
"3394730",TRUE
"3317258",TRUE
"3389786",FALSE
"3241954",TRUE
"3007650",FALSE
"3149610",FALSE
"3092682",FALSE
"3316918",FALSE
"3152486",TRUE
"3387086",FALSE
"3054850",FALSE
"3354346",FALSE
"3061662",FALSE
"3100254",FALSE
"3366706",FALSE
"3379690",FALSE
"3218342",TRUE
"3256550",TRUE
"3178194",FALSE
"3008986",FALSE
"3365922",FALSE
"3184998",TRUE
"3065514",TRUE
"3293198",FALSE
"3370222",FALSE
"3024974",TRUE
"3286406",FALSE
"3200402",TRUE
"3142374",TRUE
"3307938",TRUE
"3108010",FALSE
"3035446",FALSE
"3048118",FALSE
"3250246",TRUE
"3286986",TRUE
"3326950",FALSE
"3030222",TRUE
"3323650",FALSE
"3210134",FALSE
"3036594",TRUE
"3172922",FALSE
"3340322",FALSE
"3316698",TRUE
"3386066",FALSE
"3007582",FALSE
"3039654",TRUE
"3068150",FALSE
"3269798",TRUE
"3108070",FALSE
"3309374",TRUE
"3304434",FALSE
"3298490",TRUE
"3066166",FALSE
"3308366",TRUE
"3222026",FALSE
"3267166",TRUE
"3278098",FALSE
"3377466",FALSE
"3031710",TRUE
"3387422",TRUE
"3346070",FALSE
"3377118",FALSE
"3201318",TRUE
"3363842",FALSE
"3287350",TRUE
"3186850",TRUE
"3251282",TRUE
"3234966",FALSE
"3074818",TRUE
"3210098",TRUE
"3289026",TRUE
"3128762",TRUE
"3311218",FALSE
"3346666",FALSE
"3066634",TRUE
"3126878",FALSE
"3194894",TRUE
"3216750",TRUE
"3000794",TRUE
"3099230",TRUE
"3015766",TRUE
"3078166",FALSE
"3065638",FALSE
"3221070",TRUE
"3091206",FALSE
"3008350",TRUE
"3066390",FALSE
"3380266",FALSE
"3251810",FALSE
"3273574",TRUE
"3084082",TRUE
"3326566",FALSE
"3217886",TRUE
"3252558",TRUE
"3109162",FALSE
"3369294",FALSE
"3344318",FALSE
"3177530",TRUE
"3086574",FALSE
"3186138",FALSE
"3264270",FALSE
"3309950",FALSE
"3354998",FALSE
"3186694",TRUE
"3068442",TRUE
"3290610",TRUE
"3113826",TRUE
"3226174",FALSE
"3172614",FALSE
"3379426",FALSE
"3186534",TRUE
"3389182",FALSE
"3054130",FALSE
"3197502",FALSE
"3049098",TRUE
"3346814",TRUE
"3165262",TRUE
"3243790",TRUE
"3039994",TRUE
"3385582",TRUE
"3372198",FALSE
"3315090",FALSE
"3032994",TRUE
"3358610",FALSE
"3171214",TRUE
"3238394",TRUE
"3201786",FALSE
"3072826",FALSE
"3004466",FALSE
"3052490",TRUE
"3394490",TRUE
"3251614",FALSE
"3080690",FALSE
"3119110",FALSE
"3118174",TRUE
"3396890",FALSE
"3390266",TRUE
"3364334",TRUE
"3247618",TRUE
"3030462",FALSE
"3272290",FALSE
"3181106",FALSE
"3377462",FALSE
"3327846",TRUE
"3331942",FALSE
"3377910",TRUE
"3362190",FALSE
"3001630",TRUE
"3314798",FALSE
"3122930",TRUE
"3276930",FALSE
"3091310",FALSE
"3325406",TRUE
"3215734",TRUE
"3352082",TRUE
"3280974",TRUE
"3044286",TRUE
"3113246",TRUE
"3051750",FALSE
"3173038",FALSE
"3365942",TRUE
"3374538",FALSE
"3251582",TRUE
"3030894",TRUE
"3075510",FALSE
"3306250",FALSE
"3210766",FALSE
"3119386",FALSE
"3095850",FALSE
"3193070",FALSE
"3337634",FALSE
"3041318",FALSE
"3075662",TRUE
"3293758",FALSE
"3365230",FALSE
"3352874",FALSE
"3278426",FALSE
"3081562",FALSE
"3364898",FALSE
"3291766",FALSE
"3022558",TRUE
"3196210",TRUE
"3396374",TRUE
"3339326",FALSE
"3027230",FALSE
"3312998",FALSE
"3299086",FALSE
"3278114",TRUE
"3048770",FALSE
"3033326",TRUE
"3262062",TRUE
"3399650",FALSE
"3237842",TRUE
"3109202",FALSE
"3113306",TRUE
"3389174",FALSE
"3284818",TRUE
"3244334",TRUE
"3199526",TRUE
"3358822",FALSE
"3390490",TRUE
"3063786",FALSE
"3393414",FALSE
"3238810",TRUE
"3153578",FALSE
"3108166",TRUE
"3266214",TRUE
"3366998",FALSE
"3055402",TRUE
"3110230",FALSE
"3131450",TRUE
"3204814",TRUE
"3126618",TRUE
"3111282",TRUE
"3358750",TRUE
"3342342",FALSE
"3180718",FALSE
"3029150",TRUE
"3307358",FALSE
"3062582",FALSE
"3133274",FALSE
"3027142",FALSE
"3323370",FALSE
"3172918",TRUE
"3373798",FALSE
"3114902",TRUE
"3090918",TRUE
"3152214",TRUE
"3263486",FALSE
"3318906",FALSE
"3067242",TRUE
"3044630",TRUE
"3048186",TRUE
"3244434",TRUE
"3391054",TRUE
"3274014",TRUE
"3084498",TRUE
"3182754",TRUE
"3082898",FALSE
"3154098",FALSE
"3075770",FALSE
"3389866",FALSE
"3350086",FALSE
"3079998",FALSE
"3098038",TRUE
"3146206",FALSE
"3266274",TRUE
"3002818",TRUE
"3346646",TRUE
"3264670",TRUE
"3248946",TRUE
"3094922",FALSE
"3365254",FALSE
"3167958",FALSE
"3314510",FALSE
"3211098",FALSE
"3313150",TRUE
"3338618",FALSE
"3058542",TRUE
"3045054",FALSE
"3105542",TRUE
"3265546",TRUE
"3295762",TRUE
"3015414",TRUE
"3266006",FALSE
"3006002",TRUE
"3022894",TRUE
"3375214",FALSE
"3087834",FALSE
"3166202",TRUE
"3121494",TRUE
"3080610",FALSE
"3144054",FALSE
"3274458",FALSE
"3237698",TRUE
"3008354",FALSE
"3335066",FALSE
"3387958",FALSE
"3335798",FALSE
"3257766",FALSE
"3226282",TRUE
"3096474",FALSE
"3337566",FALSE
"3286470",FALSE
"3053622",TRUE
"3059502",TRUE
"3091830",FALSE
"3205930",TRUE
"3025510",TRUE
"3324294",FALSE
"3236074",FALSE
"3343146",TRUE
"3244286",FALSE
"3200746",TRUE
"3338126",FALSE
"3082702",TRUE
"3126478",TRUE
"3277270",TRUE
"3146070",FALSE
"3055790",TRUE
"3053158",FALSE
"3169410",TRUE
"3186982",TRUE
"3136542",TRUE
"3383014",FALSE
"3207686",TRUE
"3343318",TRUE
"3160502",FALSE
"3010054",FALSE
"3112798",TRUE
"3286466",FALSE
"3008290",TRUE
"3315586",FALSE
"3353102",TRUE
"3154286",TRUE
"3041942",TRUE
"3222142",FALSE
"3141082",FALSE
"3222438",TRUE
"3053398",TRUE
"3228450",FALSE
"3341266",TRUE
"3332438",FALSE
"3287838",TRUE
"3393974",TRUE
"3366250",FALSE
"3041558",FALSE
"3272886",TRUE
"3100302",TRUE
"3270798",TRUE
"3322798",FALSE
"3395954",FALSE
"3373270",TRUE
"3153442",TRUE
"3209510",TRUE
"3042026",TRUE
"3238758",TRUE
"3042122",FALSE
"3125754",TRUE
"3383494",FALSE
"3098134",TRUE
"3249902",FALSE
"3114198",TRUE
"3168542",FALSE
"3177902",TRUE
"3217142",TRUE
"3075346",FALSE
"3259710",TRUE
"3268970",FALSE
"3218378",TRUE
"3305350",TRUE
"3163530",TRUE
"3122042",TRUE
"3120138",FALSE
"3298682",FALSE
"3139790",FALSE
"3229126",FALSE
"3351070",FALSE
"3320734",FALSE
"3028226",FALSE
"3032830",FALSE
"3167282",FALSE
"3027618",FALSE
"3376970",FALSE
"3370034",FALSE
"3128270",FALSE
"3397070",FALSE
"3352614",TRUE
"3015790",TRUE
"3008542",FALSE
"3358970",FALSE
"3000050",FALSE
"3196614",FALSE
"3112566",TRUE
"3179034",TRUE
"3083130",FALSE
"3275042",TRUE
"3385042",FALSE
"3110242",FALSE
"3345122",FALSE
"3076794",TRUE
"3275138",TRUE
"3369822",FALSE
"3181814",TRUE
"3073738",FALSE
"3356826",TRUE
"3397834",FALSE
"3192338",FALSE
"3100874",FALSE
"3363666",FALSE
"3001314",TRUE
"3331686",FALSE
"3339650",FALSE
"3375410",FALSE
"3190386",TRUE
"3092010",TRUE
"3367722",FALSE
"3313990",TRUE
"3161442",FALSE
"3335442",FALSE
"3372390",FALSE
"3389834",FALSE
"3356258",FALSE
"3367810",TRUE
"3198402",TRUE
"3391762",FALSE
"3303938",TRUE
"3096090",FALSE
"3039502",FALSE
"3001150",TRUE
"3369018",FALSE
"3180694",TRUE
"3107522",FALSE
"3015446",TRUE
"3029082",FALSE
"3350890",TRUE
"3331418",FALSE
"3317442",FALSE
"3275750",FALSE
"3203710",FALSE
"3352714",FALSE
"3395974",TRUE
"3128858",TRUE
"3274498",FALSE
"3380626",FALSE
"3344978",FALSE
"3132454",TRUE
"3240474",FALSE
"3374282",FALSE
"3009878",FALSE
"3123002",TRUE
"3342390",FALSE
"3398578",TRUE
"3336346",FALSE
"3087734",TRUE
"3351466",FALSE
"3270562",TRUE
"3337686",FALSE
"3065154",TRUE
"3286378",TRUE
"3281050",TRUE
"3109538",TRUE
"3238838",TRUE
"3034934",TRUE
"3091410",TRUE
"3072918",TRUE
"3131114",TRUE
"3378774",FALSE
"3156878",FALSE
"3180046",FALSE
"3091266",FALSE
"3282030",TRUE
"3375282",FALSE
"3214310",TRUE
"3222150",TRUE
"3153978",FALSE
"3378862",FALSE
"3317714",TRUE
"3380002",FALSE
"3094242",FALSE
"3297314",TRUE
"3052394",FALSE
"3107290",TRUE
"3156586",FALSE
"3102078",FALSE
"3012686",FALSE
"3059830",TRUE
"3317722",FALSE
"3004694",FALSE
"3084910",TRUE
"3237838",FALSE
"3210862",TRUE
"3196714",TRUE
"3029010",TRUE
"3095050",FALSE
"3129982",FALSE
"3238274",FALSE
"3208270",TRUE
"3050486",FALSE
"3198942",FALSE
"3110794",FALSE
"3341566",FALSE
"3200158",TRUE
"3110246",TRUE
"3350590",FALSE
"3060894",FALSE
"3122946",TRUE
"3053730",FALSE
"3216162",TRUE
"3019362",FALSE
"3090694",TRUE
"3376246",FALSE
"3100902",FALSE
"3324894",TRUE
"3254682",TRUE
"3059622",TRUE
"3171086",TRUE
"3212066",TRUE
"3338178",FALSE
"3399702",FALSE
"3328926",FALSE
"3310950",FALSE
"3152634",FALSE
"3264994",FALSE
"3381790",FALSE
"3263122",TRUE
"3282534",TRUE
"3368698",FALSE
"3051106",TRUE
"3348326",FALSE
"3160062",FALSE
"3220998",FALSE
"3327078",FALSE
"3196422",FALSE
"3043970",FALSE
"3168146",FALSE
"3383394",FALSE
"3358430",FALSE
"3162086",TRUE
"3159158",TRUE
"3213786",FALSE
"3300474",FALSE
"3349434",TRUE
"3015494",FALSE
"3345334",FALSE
"3338206",TRUE
"3396038",FALSE
"3027754",FALSE
"3105050",TRUE
"3251594",FALSE
"3305062",FALSE
"3375026",FALSE
"3257586",TRUE
"3149470",FALSE
"3137486",TRUE
"3116202",FALSE
"3059882",TRUE
"3183402",TRUE
"3367882",FALSE
"3212878",TRUE
"3125622",FALSE
"3313582",FALSE
"3000898",TRUE
"3000298",FALSE
"3204502",TRUE
"3188930",TRUE
"3346578",FALSE
"3383038",FALSE
"3182902",FALSE
"3174254",FALSE
"3025914",FALSE
"3049114",FALSE
"3067846",FALSE
"3015302",FALSE
"3013170",TRUE
"3200250",FALSE
"3185522",FALSE
"3095618",TRUE
"3370818",FALSE
"3101102",TRUE
"3130150",FALSE
"3111162",TRUE
"3187442",TRUE
"3015630",FALSE
"3384382",FALSE
"3375790",FALSE
"3070178",FALSE
"3320138",TRUE
"3000530",FALSE
"3073046",FALSE
"3362046",TRUE
"3091478",TRUE
"3182074",TRUE
"3088914",TRUE
"3240090",TRUE
"3041126",FALSE
"3391378",TRUE
"3128774",FALSE
"3040958",FALSE
"3119918",FALSE
"3220758",TRUE
"3167982",TRUE
"3029874",FALSE
"3282790",FALSE
"3167918",FALSE
"3034862",FALSE
"3375346",FALSE
"3322090",TRUE
"3156422",FALSE
"3106226",TRUE
"3247606",FALSE
"3058782",TRUE
"3340910",FALSE
"3270278",FALSE
"3249774",FALSE
"3151010",TRUE
"3137882",TRUE
"3389882",FALSE
"3110850",FALSE
"3022314",TRUE
"3025998",FALSE
"3198062",FALSE
"3117850",FALSE
"3177150",FALSE
"3363110",TRUE
"3379898",FALSE
"3333630",TRUE
"3155002",TRUE
"3313426",FALSE
"3338902",TRUE
"3343782",FALSE
"3100286",FALSE
"3320166",FALSE
"3055994",TRUE
"3179146",FALSE
"3260742",TRUE
"3289646",FALSE
"3017654",TRUE
"3277482",TRUE
"3120734",TRUE
"3142450",FALSE
"3202362",TRUE
"3127106",FALSE
"3375782",FALSE
"3312570",TRUE
"3113990",FALSE
"3087554",FALSE
"3291574",TRUE
"3099162",TRUE
"3122758",FALSE
"3010854",TRUE
"3004258",FALSE
"3021698",FALSE
"3047034",TRUE
"3240426",FALSE
"3164406",TRUE
"3266506",FALSE
"3121870",FALSE
"3008882",FALSE
"3155190",FALSE
"3188742",TRUE
"3208626",TRUE
"3147234",FALSE
"3118834",FALSE
"3372462",FALSE
"3248626",FALSE
"3009374",TRUE
"3043554",FALSE
"3216658",TRUE
"3244778",TRUE
"3263354",TRUE
"3228678",TRUE
"3089402",TRUE
"3327938",TRUE
"3260062",TRUE
"3206326",TRUE
"3211778",TRUE
"3208374",TRUE
"3255654",TRUE
"3222242",FALSE
"3182346",TRUE
"3288970",TRUE
"3194658",TRUE
"3279574",TRUE
"3061094",TRUE
"3239934",FALSE
"3081798",FALSE
"3096114",FALSE
"3018226",FALSE
"3362146",FALSE
"3090166",TRUE
"3317118",TRUE
"3068242",TRUE
"3104642",FALSE
"3376230",FALSE
"3071598",FALSE
"3038870",FALSE
"3304334",FALSE
"3093922",TRUE
"3340210",FALSE
"3320978",FALSE
"3212146",FALSE
"3380554",FALSE
"3187566",TRUE
"3043614",TRUE
"3239174",TRUE
"3097998",FALSE
"3058490",TRUE
"3168914",FALSE
"3116234",TRUE
"3071582",TRUE
"3256158",TRUE
"3242630",FALSE
"3171514",TRUE
"3393686",TRUE
"3016454",TRUE
"3178166",FALSE
"3248246",FALSE
"3209354",FALSE
"3061658",TRUE
"3322358",TRUE
"3284546",TRUE
"3325870",FALSE
"3005338",TRUE
"3226478",FALSE
"3072782",FALSE
"3007926",FALSE
"3145062",TRUE
"3258142",FALSE
"3023338",TRUE
"3138042",TRUE
"3398066",TRUE
"3181474",TRUE
"3337118",FALSE
"3203398",TRUE
"3255566",FALSE
"3056658",FALSE
"3262154",FALSE
"3252434",TRUE
"3146650",FALSE
"3375278",FALSE
"3253130",TRUE
"3216930",FALSE
"3144258",FALSE
"3304898",FALSE
"3327870",TRUE
"3107146",FALSE
"3372950",TRUE
"3057218",TRUE
"3091282",TRUE
"3069430",TRUE
"3071054",TRUE
"3344578",FALSE
"3179714",TRUE
"3249878",FALSE
"3099058",TRUE
"3015242",FALSE
"3226782",TRUE
"3215946",TRUE
"3091686",TRUE
"3189486",FALSE
"3216954",TRUE
"3215006",FALSE
"3126950",FALSE
"3164070",FALSE
"3346962",TRUE
"3376770",FALSE
"3286938",TRUE
"3306138",TRUE
"3239758",TRUE
"3193002",TRUE
"3193482",FALSE
"3136022",FALSE
"3253082",FALSE
"3215282",FALSE
"3342994",TRUE
"3034326",TRUE
"3046882",FALSE
"3388986",FALSE
"3055430",FALSE
"3386882",FALSE
"3232910",TRUE
"3245242",FALSE
"3285230",TRUE
"3216190",FALSE
"3055942",FALSE
"3030606",TRUE
"3324470",TRUE
"3378118",FALSE
"3097670",FALSE
"3259490",TRUE
"3263322",FALSE
"3372538",FALSE
"3129522",FALSE
"3148866",TRUE
"3305802",FALSE
"3160086",TRUE
"3204586",FALSE
"3196890",TRUE
"3086530",TRUE
"3215526",TRUE
"3186326",TRUE
"3004298",TRUE
"3276042",FALSE
"3271338",TRUE
"3177958",FALSE
"3169790",TRUE
"3346758",TRUE
"3122746",FALSE
"3319794",FALSE
"3269774",TRUE
"3195078",FALSE
"3021366",FALSE
"3241406",FALSE
"3307794",TRUE
"3361506",TRUE
"3170218",FALSE
"3246182",TRUE
"3121394",TRUE
"3208526",TRUE
"3336846",FALSE
"3351810",TRUE
"3332630",TRUE
"3051422",TRUE
"3135690",TRUE
"3203158",TRUE
"3032662",FALSE
"3229646",TRUE
"3321550",TRUE
"3074462",FALSE
"3228278",TRUE
"3003506",TRUE
"3024342",TRUE
"3012738",FALSE
"3263222",TRUE
"3293914",TRUE
"3077778",TRUE
"3130266",FALSE
"3116130",FALSE
"3316170",FALSE
"3227410",TRUE
"3190170",FALSE
"3310890",FALSE
"3132390",FALSE
"3255106",TRUE
"3288234",TRUE
"3385650",FALSE
"3127970",TRUE
"3282386",TRUE
"3349122",FALSE
"3359126",TRUE
"3054682",TRUE
"3160762",TRUE
"3034314",FALSE
"3166318",FALSE
"3040782",FALSE
"3361534",TRUE
"3321766",FALSE
"3313762",FALSE
"3228962",TRUE
"3041238",TRUE
"3131438",FALSE
"3258226",FALSE
"3311766",TRUE
"3110198",TRUE
"3162654",TRUE
"3242030",FALSE
"3255934",FALSE
"3399990",FALSE
"3034346",FALSE
"3302974",TRUE
"3200598",FALSE
"3312526",FALSE
"3198214",FALSE
"3161982",TRUE
"3034774",TRUE
"3212798",FALSE
"3372398",FALSE
"3383086",FALSE
"3354554",TRUE
"3360278",FALSE
"3127570",FALSE
"3050818",FALSE
"3341854",FALSE
"3320362",TRUE
"3155806",FALSE
"3306938",TRUE
"3104502",FALSE
"3032826",FALSE
"3299078",TRUE
"3382478",TRUE
"3176514",FALSE
"3119478",TRUE
"3207794",FALSE
"3208754",FALSE
"3128602",TRUE
"3221002",TRUE
"3063186",TRUE
"3116010",TRUE
"3108798",FALSE
"3280374",TRUE
"3326026",FALSE
"3297766",FALSE
"3088830",FALSE
"3098722",TRUE
"3080182",FALSE
"3377254",FALSE
"3203378",TRUE
"3084994",FALSE
"3326174",TRUE
"3163594",TRUE
"3172974",FALSE
"3122130",TRUE
"3227154",TRUE
"3037038",TRUE
"3195758",FALSE
"3121882",TRUE
"3079418",TRUE
"3318946",FALSE
"3118142",FALSE
"3100246",TRUE
"3369978",FALSE
"3074494",FALSE
"3056146",FALSE
"3184482",TRUE
"3398074",FALSE
"3239046",FALSE
"3067170",TRUE
"3062870",TRUE
"3202502",TRUE
"3399314",TRUE
"3175634",TRUE
"3155802",TRUE
"3146410",TRUE
"3025266",TRUE
"3111318",TRUE
"3073170",TRUE
"3148938",TRUE
"3156390",FALSE
"3033802",TRUE
"3294930",TRUE
"3101346",TRUE
"3236634",TRUE
"3315414",TRUE
"3289994",FALSE
"3177850",FALSE
"3256682",TRUE
"3209874",TRUE
"3130114",TRUE
"3261314",FALSE
"3224378",TRUE
"3242878",TRUE
"3324006",TRUE
"3138194",TRUE
"3326650",FALSE
"3099010",TRUE
"3298822",TRUE
"3171678",TRUE
"3302446",FALSE
"3279850",TRUE
"3376882",TRUE
"3255766",FALSE
"3364914",FALSE
"3358210",FALSE
"3223514",FALSE
"3279670",FALSE
"3011006",TRUE
"3017778",TRUE
"3202262",TRUE
"3094398",TRUE
"3233234",TRUE
"3318658",FALSE
"3211802",TRUE
"3140598",TRUE
"3138642",FALSE
"3049894",FALSE
"3046898",TRUE
"3302682",FALSE
"3097694",FALSE
"3088402",TRUE
"3202490",TRUE
"3072314",TRUE
"3377250",FALSE
"3225002",TRUE
"3387166",FALSE
"3077898",TRUE
"3076038",FALSE
"3377914",FALSE
"3131398",FALSE
"3066022",TRUE
"3359898",TRUE
"3129118",TRUE
"3252806",TRUE
"3320458",FALSE
"3021942",TRUE
"3215290",TRUE
"3077370",TRUE
"3249334",FALSE
"3357198",FALSE
"3080746",FALSE
"3113390",FALSE
"3190726",TRUE
"3203102",FALSE
"3224562",FALSE
"3030006",FALSE
"3376610",FALSE
"3138950",FALSE
"3183794",FALSE
"3248646",TRUE
"3336702",TRUE
"3197942",TRUE
"3380218",FALSE
"3108322",FALSE
"3298422",FALSE
"3055238",TRUE
"3249138",TRUE
"3268482",TRUE
"3202930",FALSE
"3328434",FALSE
"3238914",TRUE
"3317678",FALSE
"3126994",TRUE
"3361042",TRUE
"3346974",TRUE
"3391438",FALSE
"3119470",TRUE
"3218914",FALSE
"3079438",TRUE
"3082386",FALSE
"3342282",TRUE
"3284006",FALSE
"3196498",FALSE
"3250366",FALSE
"3021910",FALSE
"3275502",FALSE
"3232162",FALSE
"3064258",FALSE
"3377510",FALSE
"3125846",TRUE
"3183754",TRUE
"3351582",FALSE
"3084634",TRUE
"3271802",TRUE
"3289654",TRUE
"3368190",TRUE
"3040578",FALSE
"3234682",TRUE
"3339298",FALSE
"3103958",FALSE
"3290922",TRUE
"3118762",TRUE
"3245190",TRUE
"3154878",TRUE
"3390014",FALSE
"3324562",TRUE
"3002770",TRUE
"3383418",FALSE
"3140098",FALSE
"3084618",FALSE
"3102726",FALSE
"3186970",FALSE
"3361986",TRUE
"3037162",FALSE
"3038646",FALSE
"3332866",TRUE
"3150566",FALSE
"3358214",TRUE
"3110350",TRUE
"3062666",FALSE
"3017378",FALSE
"3004046",FALSE
"3251550",TRUE
"3318674",FALSE
"3159582",TRUE
"3347818",FALSE
"3283522",TRUE
"3178774",TRUE
"3175102",FALSE
"3220154",FALSE
"3319946",FALSE
"3293974",FALSE
"3184318",FALSE
"3254626",FALSE
"3253246",TRUE
"3020666",FALSE
"3069866",TRUE
"3373726",FALSE
"3360742",FALSE
"3104478",TRUE
"3253070",TRUE
"3328942",FALSE
"3182726",TRUE
"3358762",FALSE
"3348494",TRUE
"3067578",FALSE
"3044898",TRUE
"3012338",FALSE
"3395142",FALSE
"3382758",FALSE
"3386818",FALSE
"3085330",TRUE
"3074526",TRUE
"3154498",TRUE
"3379862",TRUE
"3121418",TRUE
"3312702",FALSE
"3046638",FALSE
"3124618",TRUE
"3349990",FALSE
"3015182",FALSE
"3050490",TRUE
"3198662",FALSE
"3244242",TRUE
"3123346",FALSE
"3335450",FALSE
"3063422",FALSE
"3065014",FALSE
"3307286",FALSE
"3114126",TRUE
"3263882",TRUE
"3324570",FALSE
"3112590",FALSE
"3091346",TRUE
"3097010",FALSE
"3329014",FALSE
"3048086",TRUE
"3222458",TRUE
"3169466",TRUE
"3303758",FALSE
"3384046",FALSE
"3270830",FALSE
"3385930",FALSE
"3311210",TRUE
"3319098",FALSE
"3262606",FALSE
"3179910",FALSE
"3225010",FALSE
"3126634",FALSE
"3160058",TRUE
"3335002",FALSE
"3284278",TRUE
"3301794",FALSE
"3065894",FALSE
"3155490",FALSE
"3083630",FALSE
"3272866",TRUE
"3188886",TRUE
"3156354",FALSE
"3008954",TRUE
"3255350",TRUE
"3153406",TRUE
"3061462",TRUE
"3132294",FALSE
"3222070",TRUE
"3078950",TRUE
"3213138",FALSE
"3013162",FALSE
"3354418",TRUE
"3364158",TRUE
"3119702",FALSE
"3276646",TRUE
"3339202",FALSE
"3359754",FALSE
"3234874",TRUE
"3172586",TRUE
"3393910",FALSE
"3023814",FALSE
"3378682",FALSE
"3138410",FALSE
"3395450",FALSE
"3319010",FALSE
"3089614",TRUE
"3280582",FALSE
"3393818",TRUE
"3114930",FALSE
"3149058",TRUE
"3035434",TRUE
"3111506",FALSE
"3257246",FALSE
"3281470",FALSE
"3367138",FALSE
"3333142",TRUE
"3207154",TRUE
"3259694",TRUE
"3149166",FALSE
"3121578",TRUE
"3050334",TRUE
"3212770",TRUE
"3321278",FALSE
"3162398",FALSE
"3020874",FALSE
"3057182",TRUE
"3117582",FALSE
"3131074",TRUE
"3281886",FALSE
"3369058",FALSE
"3178062",TRUE
"3382822",FALSE
"3382382",FALSE
"3288502",FALSE
"3292366",FALSE
"3111090",TRUE
"3155614",TRUE
"3107374",TRUE
"3328694",TRUE
"3111898",FALSE
"3330442",FALSE
"3267418",FALSE
"3114298",TRUE
"3070770",FALSE
"3102766",TRUE
"3131606",TRUE
"3355630",FALSE
"3378186",FALSE
"3167274",TRUE
"3075314",FALSE
"3039418",FALSE
"3170246",FALSE
"3208290",TRUE
"3394834",TRUE
"3205782",FALSE
"3050234",FALSE
"3091462",FALSE
"3167394",TRUE
"3142166",TRUE
"3229470",TRUE
"3118894",TRUE
"3037166",FALSE
"3349998",TRUE
"3397382",FALSE
"3139234",TRUE
"3001058",FALSE
"3065906",FALSE
"3011870",FALSE
"3057414",TRUE
"3312882",FALSE
"3165898",TRUE
"3085586",TRUE
"3324230",FALSE
"3120262",TRUE
"3371234",FALSE
"3165162",TRUE
"3054858",TRUE
"3360058",TRUE
"3159334",TRUE
"3326042",FALSE
"3287262",TRUE
"3389454",TRUE
"3204766",TRUE
"3294134",FALSE
"3246914",TRUE
"3087614",FALSE
"3223526",TRUE
"3287658",FALSE
"3336998",FALSE
"3052222",FALSE
"3162642",TRUE
"3162694",TRUE
"3010934",TRUE
"3205374",FALSE
"3237802",TRUE
"3326526",FALSE
"3280058",FALSE
"3099606",TRUE
"3103646",FALSE
"3154310",TRUE
"3096462",FALSE
"3108110",TRUE
"3319474",FALSE
"3268378",TRUE
"3122114",FALSE
"3068658",TRUE
"3182066",FALSE
"3172038",TRUE
"3142538",TRUE
"3002402",TRUE
"3263682",TRUE
"3278458",TRUE
"3025782",TRUE
"3041538",TRUE
"3008934",TRUE
"3262278",TRUE
"3224930",TRUE
"3207234",TRUE
"3168002",FALSE
"3125222",FALSE
"3267558",TRUE
"3171842",TRUE
"3204398",TRUE
"3396722",TRUE
"3295354",TRUE
"3367350",FALSE
"3063818",TRUE
"3382046",FALSE
"3363978",FALSE
"3108834",FALSE
"3057638",FALSE
"3227398",TRUE
"3020082",TRUE
"3010698",FALSE
"3183562",FALSE
"3001358",FALSE
"3361098",TRUE
"3055154",TRUE
"3130630",FALSE
"3132306",TRUE
"3327358",TRUE
"3141354",TRUE
"3068254",TRUE
"3386838",FALSE
"3078438",TRUE
"3399558",FALSE
"3070214",FALSE
"3102678",TRUE
"3375150",FALSE
"3095758",TRUE
"3386862",FALSE
"3037514",FALSE
"3366902",TRUE
"3301398",TRUE
"3370610",FALSE
"3390614",FALSE
"3355186",FALSE
"3387778",FALSE
"3354242",FALSE
"3069158",TRUE
"3320946",TRUE
"3232150",TRUE
"3225866",TRUE
"3361774",FALSE
"3014102",FALSE
"3096830",TRUE
"3176722",TRUE
"3257722",FALSE
"3003426",FALSE
"3364170",FALSE
"3066094",TRUE
"3263334",FALSE
"3376718",FALSE
"3262574",FALSE
"3350814",TRUE
"3235694",FALSE
"3019654",FALSE
"3062498",TRUE
"3217426",TRUE
"3337766",TRUE
"3066162",FALSE
"3322742",TRUE
"3097142",FALSE
"3099678",TRUE
"3365874",FALSE
"3043862",FALSE
"3259674",TRUE
"3080642",FALSE
"3377302",FALSE
"3145170",FALSE
"3294574",FALSE
"3200206",FALSE
"3349922",TRUE
"3250474",FALSE
"3285278",FALSE
"3308194",FALSE
"3359986",FALSE
"3365994",TRUE
"3359038",TRUE
"3068214",FALSE
"3010542",TRUE
"3180062",TRUE
"3232838",FALSE
"3341546",TRUE
"3100118",TRUE
"3253210",FALSE
"3026326",FALSE
"3387770",FALSE
"3056950",TRUE
"3324134",FALSE
"3194494",FALSE
"3145902",TRUE
"3062162",FALSE
"3047018",TRUE
"3357610",TRUE
"3371194",TRUE
"3138218",TRUE
"3006818",FALSE
"3260694",FALSE
"3377950",FALSE
"3188790",FALSE
"3289322",FALSE
"3026378",TRUE
"3137210",TRUE
"3310842",FALSE
"3046234",FALSE
"3110214",FALSE
"3349446",FALSE
"3087874",FALSE
"3128098",TRUE
"3319514",FALSE
"3074234",TRUE
"3314286",TRUE
"3192370",TRUE
"3282078",TRUE
"3270066",TRUE
"3205574",TRUE
"3280102",TRUE
"3134946",TRUE
"3125886",FALSE
"3034826",FALSE
"3192282",FALSE
"3021218",TRUE
"3033678",FALSE
"3247198",TRUE
"3399498",TRUE
"3387118",FALSE
"3214138",TRUE
"3247170",FALSE
"3018750",TRUE
"3074974",TRUE
"3156630",FALSE
"3341062",FALSE
"3222810",TRUE
"3173794",TRUE
"3349802",FALSE
"3024642",FALSE
"3245990",TRUE
"3257094",TRUE
"3259118",FALSE
"3381314",FALSE
"3069186",TRUE
"3186806",FALSE
"3174366",FALSE
"3092734",TRUE
"3281498",FALSE
"3110086",TRUE
"3267362",TRUE
"3323222",FALSE
"3008690",FALSE
"3250070",TRUE
"3336894",TRUE
"3204594",FALSE
"3351390",TRUE
"3336546",TRUE
"3242382",FALSE
"3287518",FALSE
"3176050",FALSE
"3305590",FALSE
"3201198",FALSE
"3030210",FALSE
"3296306",FALSE
"3105062",FALSE
"3035942",TRUE
"3093770",FALSE
"3286618",TRUE
"3019934",FALSE
"3370094",FALSE
"3222866",FALSE
"3079426",FALSE
"3141490",FALSE
"3367046",TRUE
"3310166",TRUE
"3066374",TRUE
"3314210",FALSE
"3080998",TRUE
"3135082",TRUE
"3364426",FALSE
"3254730",TRUE
"3054458",TRUE
"3004994",TRUE
"3006582",TRUE
"3211402",TRUE
"3150866",FALSE
"3008190",FALSE
"3059690",TRUE
"3151682",TRUE
"3306070",TRUE
"3393914",FALSE
"3181030",TRUE
"3241750",TRUE
"3212310",FALSE
"3287282",TRUE
"3057814",TRUE
"3158642",FALSE
"3318170",FALSE
"3220982",TRUE
"3276586",FALSE
"3021330",TRUE
"3001302",TRUE
"3019398",TRUE
"3196046",TRUE
"3182674",TRUE
"3066306",TRUE
"3127102",TRUE
"3052286",FALSE
"3042954",TRUE
"3051354",FALSE
"3255206",TRUE
"3226198",TRUE
"3341790",FALSE
"3132130",TRUE
"3389222",FALSE
"3078446",FALSE
"3299706",FALSE
"3234402",FALSE
"3086506",FALSE
"3369354",FALSE
"3047802",FALSE
"3101722",FALSE
"3287362",TRUE
"3276822",TRUE
"3371890",FALSE
"3186022",TRUE
"3128686",TRUE
"3386138",FALSE
"3186454",TRUE
"3291010",FALSE
"3381582",FALSE
"3117846",FALSE
"3194390",TRUE
"3349014",FALSE
"3221654",TRUE
"3114622",FALSE
"3299350",FALSE
"3114522",FALSE
"3372426",FALSE
"3361630",FALSE
"3076614",TRUE
"3226426",TRUE
"3312334",TRUE
"3152462",FALSE
"3377494",FALSE
"3081514",TRUE
"3296474",TRUE
"3060958",TRUE
"3079958",TRUE
"3258182",TRUE
"3350246",FALSE
"3100574",TRUE
"3060650",FALSE
"3293842",FALSE
"3094258",FALSE
"3048874",TRUE
"3349770",TRUE
"3344938",FALSE
"3076318",FALSE
"3306682",TRUE
"3206934",FALSE
"3297934",TRUE
"3230062",TRUE
"3244254",TRUE
